mean_fit_time,std_fit_time,mean_score_time,std_score_time,param_classification__C,param_classification__gamma,params,split0_test_score,split1_test_score,split2_test_score,split3_test_score,split4_test_score,mean_test_score,std_test_score,rank_test_score
8.666317892074584,0.5138319472383845,0.024421024322509765,0.013646168367160963,100,0.01,"{'classification__C': 100, 'classification__gamma': 0.01}",0.6304347826086957,0.6376811594202898,0.6376811594202898,0.5579710144927537,0.6496350364963503,0.6226806304876759,0.03293640240561513,1
8.455476331710816,0.3728609043458225,0.021294355392456055,0.0058858405120674985,1000,0.001,"{'classification__C': 1000, 'classification__gamma': 0.001}",0.6304347826086957,0.6376811594202898,0.6376811594202898,0.5579710144927537,0.6496350364963503,0.6226806304876759,0.03293640240561513,1
